﻿{"cameraMode":{"drawMode":0,"name":"Shaded","section":"Shading Mode"},"sceneLighting":false,"audioPlay":false,"sceneViewState":{"showFog":true,"showMaterialUpdate":false,"showSkybox":true,"showFlares":true,"showImageEffects":true,"showParticleSystems":true},"in2DMode":false,"pivot":{"x":16.77072525024414,"y":5.947455883026123,"z":-16.809768676757814},"rotation":{"x":-0.004102278966456652,"y":-0.9204647541046143,"z":0.009665421210229397,"w":-0.3906846344470978},"size":32.35215377807617,"orthographic":false}