﻿{"cameraMode":{"drawMode":0,"name":"Shaded","section":"Shading Mode"},"sceneLighting":false,"audioPlay":false,"sceneViewState":{"showFog":true,"showMaterialUpdate":false,"showSkybox":true,"showFlares":true,"showImageEffects":true,"showParticleSystems":true},"in2DMode":false,"pivot":{"x":-14.608747482299805,"y":16.2345027923584,"z":3.400111436843872},"rotation":{"x":0.14600874483585359,"y":-0.07856053858995438,"z":0.011632365174591542,"w":0.9860904812812805},"size":8.573651313781739,"orthographic":false}